<?xml version="1.0" encoding="UTF-8"?>
<!DOCTYPE SapSetup SYSTEM "../Setup/ProductLocales.dtd">
<SapSetup Context="Locale" Version="300000000" ConnectedId="{2FFD2B33-7EBA-475F-A72D-4E481171B88B}">
  <String Name="strSapSLCProductName">
    <En>SAP Secure Login Client</En>
    <De>SAP Secure Login Client</De>
  </String>
  <String Name="strSapSLCFolderPageSubTitle">
    <En>Please select the target directory for SAP Secure Login Client files</En>
    <De>Bitte wählen Sie das Zielverzeichnis für die SAP Secure Login Client Dateien aus</De>
  </String>
  <String Name="strSapSLCProductDescription">
    <En>SAP Secure Login Client</En>
  </String>
  <String Name="strSapSLCSecureLoginClientComponentsName">
    <En>SAP Secure Login Client Components</En>
  </String>
  <String Name="strSapSLCSecureLoginClientComponentsDescription">
    <En>Base components of SAP Secure Login Client.</En>
  </String>
  <String Name="strSapSLCSecureLoginClientBaseName">
    <En>SAP Secure Login Client Base</En>
  </String>
  <String Name="strSapSLCSecureLoginClientBaseDescription">
    <En>Base components of SAP Secure Login Client.</En>
  </String>
  <String Name="strSapSLCStartDuringWindowsLoginName">
    <En>Start during Windows login</En>
  </String>
  <String Name="strSapSLCStartDuringWindowsLoginDescription">
    <En>The SAP Secure Login Client will be started automatically when a User logs on.</En>
  </String>
  <String Name="strSapSLCSLSSupportName">
    <En>Secure Login Server Support</En>
  </String>
  <String Name="strSapSLCSLSSupportDescription">
    <En>Modules for using Secure Login Server authentication. Includes Kerberos for SPNEGO and Web Adapter support. The Web Adapter use SAP Secure Login Client to create and store private keys for the Secure Login Web Client.</En>
  </String>
  <String Name="strSapSLCSecureLoginServerSupportName">
    <En>Secure Login Server Support</En>
  </String>
  <String Name="strSapSLCSecureLoginServerSupportDescription">
    <En>Modules for using Secure Login Server authentication. Includes Kerberos for SPNEGO and Web Adapter support. The Web Adapter use SAP Secure Login Client to create and store private keys for the Secure Login Web Client.</En>
  </String>
  <String Name="strSapSLCStoreProviderName">
    <En>Crypto &amp; Certificate Store Providers</En>
  </String>
  <String Name="strSapSLCStoreProviderDescription">
    <En>CSP module for Microsoft Crypto API applications.</En>
  </String>
  <String Name="strSapSLCPolicyDownloadAgentName">
    <En>Policy Download Agent</En>
  </String>
  <String Name="strSapSLCPolicyDownloadAgentDescription">
    <En>Downloads policies provided by an Secure Login Server</En>
  </String>
  <String Name="strSapSLCKerberosSSOName">
    <En>Kerberos Single Sign-On</En>
  </String>
  <String Name="strSapSLCKerberosSSODescription">
    <En>SNC integration using Kerberos authentication in a Windows Domain. No Secure Login Server required!</En>
  </String>
  <String Name="strSapSLCLogging">
    <En>Enable logging</En>
  </String>
  <String Name="strSapSLCLoggingDescription">
    <En>Enables SAP Secure Login Client logs and traces </En>
  </String>
  <String Name="DescrSapSLCDestDir">
  	<En>SAP Secure Login Client installation directory for 32bit program files</En>
  	<De>SAP Secure Login Client Installationsverzeichnis für 32bit Programme</De>
  </String>
  <String Name="DescrSapSLC64BitDestDir">
  	<En>SAP Secure Login Client installation directory for 64bit program files</En>
  	<De>SAP Secure Login Client Installationsverzeichnis für 64bit Programme</De>
  </String>
  <String Name="strSapSLCSCEIsInstalled">
	<En>SAP SNC Client Encryption is already installed and cannot be installed together with Secure Login Client. Please uninstall SNC Client Encryption first.</En>
	<De>SAP SNC Client Encryption ist bereits installiert und kann nicht zusammen mit Secure Login Client installiert werden. Bitte erst SNC Client Encryption deinstallieren.</De>
  </String>
</SapSetup>
