<?xml version="1.0" encoding="UTF-8"?>
<!DOCTYPE SapSetup SYSTEM "../Setup/ProductDefinition2.dtd">
<SapSetup Context="Init" WkstaDb="SapSLCWkstaUI.xml">
  <SapSetupProduct Name="strSapSLCProductName" Guid="{2FFD2B33-7EBA-475F-A72D-4E481171B88B}" Version="300000000" Visible="true" CmdLine="SLC" Description="strSapSLCProductDescription">
    <IncludesProductPart ProductGuid="{4423F666-584C-4530-8DC3-4941E0812947}" Comment="strSapSLCSecureLoginClientBaseName" Visible="false" Selected="true"/>
    <IncludesProductPart ProductGuid="{409C321D-FBD0-49CA-BB92-545F3C490AD2}" Comment="strSapSLCStartDuringWindowsLoginName" Selected="true"/>
    <Folder Name="strSapSLCSLSSupportName" Description="strSapSLCSLSSupportDescription" Selected="true">
      <IncludesProductPart ProductGuid="{500FE6F5-9549-4A6C-93D8-A4DFF35ADA22}" Comment="strSapSLCSecureLoginServerSupportName" Visible="false" Selected="true"/>
      <IncludesProductPart ProductGuid="{226CAA6B-D6B5-436C-B4CD-EE05AD9CCE6D}" Comment="strSapSLCStoreProviderName" Visible="false" Selected="true"/>
      <IncludesProductPart ProductGuid="{7BF2137E-E2E0-4A90-93A5-EB73431DC63C}" Comment="strSapSLCPolicyDownloadAgentName" Visible="false" Selected="true"/> 
    </Folder>
    <IncludesProductPart ProductGuid="{D84314E4-046B-4D15-9DAE-268AC659D025}" Comment="strSapSLCKerberosSSOName" Selected="true"/>
  </SapSetupProduct>

  <SapSetupProductPart Guid="{4423F666-584C-4530-8DC3-4941E0812947}" Name="strSapSLCSecureLoginClientBaseName" Description="strSapSLCSecureLoginClientBaseDescription" Version="300000000">
    <RequiresComponent ComponentGuid="{2D66F797-3959-4F25-B74D-845CC43D30B8}" Comment="SLC Common Data"/>
    <RequiresComponent ComponentGuid="{D3A7037B-4E78-4A6E-8377-46189EFC116A}" Comment="SLC Base x86"/>
    <RequiresComponent ComponentGuid="{AAE39B60-6F49-48A1-A448-A93050D26BE9}" Comment="SLC Base x64"/>
  </SapSetupProductPart>
  <SapSetupProductPart Guid="{409C321D-FBD0-49CA-BB92-545F3C490AD2}" Name="strSapSLCStartDuringWindowsLoginName" Description="strSapSLCStartDuringWindowsLoginDescription" Version="300000000">
    <RequiresProductPart ProductGuid="{4423F666-584C-4530-8DC3-4941E0812947}" Comment="strSapSLCSecureLoginClientBaseName" Visible="false" TransferDeselection="false"/>
    <RequiresComponent ComponentGuid="{2D66F797-3959-4F25-B74D-845CC43D30B8}" Comment="SLC Common Data"/>
    <RequiresComponent ComponentGuid="{EB8C8574-16E6-41DC-9BB4-5B1991C5B4A3}" Comment="SLC Autostart"/>
  </SapSetupProductPart>
  <SapSetupProductPart Guid="{500FE6F5-9549-4A6C-93D8-A4DFF35ADA22}" Name="strSapSLCSecureLoginServerSupportName" Description="strSapSLCSecureLoginServerSupportDescription" Version="300000000">
    <RequiresProductPart ProductGuid="{4423F666-584C-4530-8DC3-4941E0812947}" Comment="strSapSLCSecureLoginClientBaseName" Visible="false" TransferDeselection="false"/>
    <RequiresComponent ComponentGuid="{2D66F797-3959-4F25-B74D-845CC43D30B8}" Comment="SLC Common Data"/>
    <RequiresComponent ComponentGuid="{7FC95F38-2089-466D-B142-0FAA3D70151E}" Comment="SLC SecureLogin"/>
  </SapSetupProductPart>
  <SapSetupProductPart Guid="{226CAA6B-D6B5-436C-B4CD-EE05AD9CCE6D}" Name="strSapSLCStoreProviderName" Description="strSapSLCStoreProviderDescription" Version="300000000">
    <RequiresProductPart ProductGuid="{500FE6F5-9549-4A6C-93D8-A4DFF35ADA22}" Comment="strSapSLCSecureLoginServerSupportName" Visible="false" TransferDeselection="false"/>
    <RequiresComponent ComponentGuid="{2D66F797-3959-4F25-B74D-845CC43D30B8}" Comment="SLC Common Data"/>
    <RequiresComponent ComponentGuid="{9897FBD7-70C4-424B-B39B-A6982B685E04}" Comment="SLC CSP x86"/>
    <RequiresComponent ComponentGuid="{B010908F-5B6D-4831-8D81-11F5976984F1}" Comment="SLC CSP x64"/>
  </SapSetupProductPart>
  <SapSetupProductPart Guid="{7BF2137E-E2E0-4A90-93A5-EB73431DC63C}" Name="strSapSLCPolicyDownloadAgentName" Description="strSapSLCPolicyDownloadAgentDescription" Version="300000000">
    <RequiresProductPart ProductGuid="{500FE6F5-9549-4A6C-93D8-A4DFF35ADA22}" Comment="strSapSLCSecureLoginServerSupportName" Visible="false" TransferDeselection="false"/>
    <RequiresComponent ComponentGuid="{2D66F797-3959-4F25-B74D-845CC43D30B8}" Comment="SLC Common Data"/>
    <RequiresComponent ComponentGuid="{3617B27F-C5C0-4F4B-8E55-B9A3EDC36D27}" Comment="SLC PolicyDownloader"/>
  </SapSetupProductPart>
  <SapSetupProductPart Guid="{D84314E4-046B-4D15-9DAE-268AC659D025}" Name="strSapSLCKerberosSSOName" Description="strSapSLCKerberosSSODescription" Version="300000000">
    <RequiresProductPart ProductGuid="{4423F666-584C-4530-8DC3-4941E0812947}" Comment="strSapSLCSecureLoginClientBaseName" Visible="false" TransferDeselection="false"/>
    <RequiresComponent ComponentGuid="{2D66F797-3959-4F25-B74D-845CC43D30B8}" Comment="SLC Common Data"/>
    <RequiresComponent ComponentGuid="{E0F84EB5-1133-45D3-997C-A27562EC7CEF}" Comment="SLC Kerberos 32 Bit"/>
    <RequiresComponent ComponentGuid="{EFA9658E-3505-4A53-800F-265FB88758B0}" Comment="SLC Kerberos 64 Bit"/>
  </SapSetupProductPart>
</SapSetup>
