<?xml version="1.0" encoding="UTF-8"?>
<!DOCTYPE SapSetup SYSTEM "../Setup/ProductVars.dtd">
<SapSetup Context="Variables" Version="300000000" ConnectedId="{2FFD2B33-7EBA-475F-A72D-4E481171B88B}">
  <Variable Name="SapSLCDestDir" Persistent="TRUE" DisplayInSapAdmin="TRUE" Description="DescrSapSLCDestDir">
    <Value>%ProgramFiles32%\SAP\FrontEnd\SecureLogin</Value>
  </Variable>
  <Variable Name="SapSLC64BitDestDir" Persistent="TRUE" DisplayInSapAdmin="TRUE" Description="DescrSapSLC64bitDestDir">
    <Value>%ProgramFiles64%\SAP\FrontEnd\SecureLogin</Value>
  </Variable>
  <Variable Name="varSapSLCSrcDir" Persistent="TRUE">
    <Value>SLC</Value>
  </Variable>
  <Variable Name="varSapSLCVersion" Persistent="FALSE">
    <Value>3.0.0.0.0</Value>
  </Variable>
  <Variable Name="varSapSLCOldVersionExists" Persistent="FALSE">
    <Value>FALSE</Value>
    <Value Script="TRUE">
      <![CDATA[
        NwEngine.Context.Log.Write "SLC Script: Checking if an older version (MSI Installer) of SAP Secure Login Client (32 Bit) is already installed"
        If NwEngine.Shell.RegKeyExist("HKEY_LOCAL_MACHINE\SOFTWARE\Microsoft\Windows\CurrentVersion\Uninstall\{F3608CA5-DC76-4963-9F8B-023D825649AB}") Then
          NwEngine.Context.Log.Write "SLC Script: Found installed older version of SAP Secure Login Client (32 Bit) installed. It will be removed during the install"
          NwEngine.Variables.AppendDefaultValue "varSapSLCOldVersionExists", "TRUE"
        Else
          NwEngine.Context.Log.Write "SLC Script: No older version of SAP Secure Login Client is installed"
        End If
      ]]>
    </Value>
  </Variable>
  <Variable Name="varSapSLCOld64BitVersionExists" Persistent="FALSE">
    <Value>FALSE</Value>
    <Value Script="TRUE">
      <![CDATA[
        NwEngine.Context.Log.Write "SLC Script: Checking if an older version (MSI Installer) of SAP Secure Login Client (64 Bit) is already installed"
        If %WOW64MODE% = TRUE Then
          NwEngine.Shell.Use64BitHive = vbTrue
          If NwEngine.Shell.RegKeyExist("HKEY_LOCAL_MACHINE\SOFTWARE\Microsoft\Windows\CurrentVersion\Uninstall\{98D87EE7-3E46-4029-8C78-B660902CDA25}") Then
            NwEngine.Context.Log.Write "SLC Script: Found installed older version of SAP Secure Login Client (64 Bit) installed. It will be removed during the install"
            NwEngine.Variables.AppendDefaultValue "varSapSLCOld64BitVersionExists", "TRUE"
          Else
            NwEngine.Context.Log.Write "SLC Script: No older version of SAP Secure Login Client (64 Bit) is installed"
          End If
          NwEngine.Shell.Use64BitHive = vbFalse
        Else
          NwEngine.Context.Log.Write "SLC Script: Skipping check, this is not a 64 bit operating system."
        End If
      ]]>
    </Value>
  </Variable>
  <Variable Name="varSLCsbusnotify" Persistent="FALSE">
	<Value>UNDEFINED</Value>
	<Value Script="true">
		<![CDATA[
			NwEngine.Context.Log.Write "SLC Script: Checking if sbus.notify service is installed, started or stopped"
			strComputer = "." 
			Set objWMIService = GetObject("winmgmts:{impersonationLevel=impersonate}!\\" & strComputer & "\root\cimv2") 
 
			Set colRunningServices = objWMIService.ExecQuery("Select * from Win32_Service Where Name='sbus.notify'")  
			nItems = colRunningServices.Count  
 
			' If the collection count is greater than zero the service will exist. 
			If nItems > 0  Then 
				For Each objItem in colRunningServices 
					If objItem.State = "Stopped" Then 
						NwEngine.Context.Log.Write "SLC Script: " & objItem.DisplayName & " is Installed/Stopped" 
						NwEngine.Variables.AppendDefaultValue "varSLCsbusnotify", "STOPPED"
					ElseIf objItem.State = "Started" Then 
						NwEngine.Context.Log.Write "SLC Script: " & objItem.DisplayName & " is Installed/Running" 
						NwEngine.Variables.AppendDefaultValue "varSLCsbusnotify", "RUNNING"
					ElseIf objItem.State = "Running" Then 
						NwEngine.Context.Log.Write "SLC Script: " & objItem.DisplayName & " is Installed/Running" 
						NwEngine.Variables.AppendDefaultValue "varSLCsbusnotify", "RUNNING"		
					Else 
						NwEngine.Context.Log.Write "SLC Script: " & objItem.DisplayName & " is in state " & objItem.State
					End If 
				Next 
			Else 
				NwEngine.Context.Log.Write "SLC Script: sbus.notify service not installed" 
				NwEngine.Variables.AppendDefaultValue "varSLCsbusnotify", "NOTINSTALLED"
			End If 
		]]>
	</Value>
  </Variable>
  <Variable Name="varSLCsapsecureloginservice" Persistent="FALSE">
	<Value>UNDEFINED</Value>
	<Value Script="true">
		<![CDATA[
			NwEngine.Context.Log.Write "SLC Script: Checking if sap.securelogin.service service is installed, started or stopped"
			strComputer = "." 
			Set objWMIService = GetObject("winmgmts:{impersonationLevel=impersonate}!\\" & strComputer & "\root\cimv2") 
 
			Set colRunningServices = objWMIService.ExecQuery("Select * from Win32_Service Where Name='sap.securelogin.service'")  
			nItems = colRunningServices.Count  
 
			' If the collection count is greater than zero the service will exist. 
			If nItems > 0  Then 
				For Each objItem in colRunningServices 
					If objItem.State = "Stopped" Then 
						NwEngine.Context.Log.Write "SLC Script: " & objItem.DisplayName & " is Installed/Stopped" 
						NwEngine.Variables.AppendDefaultValue "varSLCsapsecureloginservice", "STOPPED"
					ElseIf objItem.State = "Started" Then 
						NwEngine.Context.Log.Write "SLC Script: " & objItem.DisplayName & " is Installed/Running" 
						NwEngine.Variables.AppendDefaultValue "varSLCsapsecureloginservice", "RUNNING"
					ElseIf objItem.State = "Running" Then 
						NwEngine.Context.Log.Write "SLC Script: " & objItem.DisplayName & " is Installed/Running" 
						NwEngine.Variables.AppendDefaultValue "varSLCsapsecureloginservice", "RUNNING"		
					Else 
						NwEngine.Context.Log.Write "SLC Script: " & objItem.DisplayName & " is in state " & objItem.State
					End If 
				Next 
			Else 
				NwEngine.Context.Log.Write "SLC Script: sap.securelogin.service service not installed" 
				NwEngine.Variables.AppendDefaultValue "varSLCsapsecureloginservice", "NOTINSTALLED"
			End If 
		]]>
	</Value>
  </Variable>
  <Variable Name="varSLCsbusexe" Persistent="FALSE">
	<Value>UNDEFINED</Value>
	<Value Script="true">
		<![CDATA[
			NwEngine.Context.Log.Write "SLC Script: Checking if sbus.exe is running..."
			strComputer = "." 
			Set objWMIService = GetObject("winmgmts:{impersonationLevel=impersonate}!\\" & strComputer & "\root\cimv2") 
 
			Set colProcesses = objWMIService.ExecQuery("Select * from Win32_Process Where Name='sbus.exe'")
			
			If colProcesses.Count = 0 Then
				NwEngine.Context.Log.Write "SLC Script: sbus.exe is not running"
			Else
				For Each objProcess in colProcesses
					NwEngine.Context.Log.Write "SLC Script: sbus.exe is running with command line '" & objProcess.CommandLine & "'."
				Next
				NwEngine.Variables.AppendDefaultValue "varSLCsbusexe", "RUNNING"
			End If
		]]>
	</Value>
  </Variable>
</SapSetup>