<?xml version="1.0" encoding="UTF-8"?>
<SapSetup Context="Init" WkstaDb="SapSetupWksta.xml">
	<!-- Product Definition for SAPsetup itself -->
	<Product BuildTime="0xD095186B48C3D101" CmdLine="SapSetup" Guid="{30553299-1C5B-4863-9352-803E830F27A1}" Name="SAP Front End Installer" ProdVersion="2314" Visible="false">
		<Contains Guid="{F50578DC-7D16-4e16-A24F-3AF324254DB2}" Name="SapSetup Administrative Tools"/>
		<Contains Guid="{99DCFB1F-61F0-4da0-BE94-AE3FDA5DCFFD}" Name="SapSetup Workstation Tools"/>
		<Contains Guid="{714A5C76-F750-4218-A5DB-A822A299AAEC}" Name="SapSetup LSH and ASU"/>
		<UI>
			<Page Type="Welcome">
				<WindowCaption>StrWindowCaption</WindowCaption>
				<Description>StrWelcomeDescription</Description>
			</Page>
			<Page Type="Tree">
				<WindowCaption>StrWindowCaption</WindowCaption>
				<Description>TreePageDescription</Description>
			</Page>
			<Page Type="Progress">
				<WindowCaption>StrWindowCaption</WindowCaption>
				<Description>ProgressPageDescriptionInstall</Description>
			</Page>
			<Page Type="Finish">
				<WindowCaption>StrWindowCaption</WindowCaption>
				<Description>FinishPageDescriptionSuccess</Description>
			</Page>
		</UI>
	</Product>
	<!-- SAPsetup Files -->
	<Component BuildTime="0xD095186B48C3D101" Guid="{99DCFB1F-61F0-4DA0-BE94-AE3FDA5DCFFD}" Min_Compliant_Version="2002" Name="SapSetup Workstation Tools" SysSize="13068" Version="2314">
		<Action Dst="HKLM\SOFTWARE\SAP\SAP Shared" Type="Registry">
			<RegValue Name="SAPSetupDir">%SAPSetupDir%</RegValue>
		</Action>
		<Action Dst="%SapSetupDir%\Setup" Persistent="true" Type="File">
			<Src FileVersion="12.0.21005.1" Hash="SHA-256:87c42ca155473e4e71857d03497c8cbc28fa8ff7f2c8d72e8a1f39b71078f608" Timestamp="0x0013B23163C1CE01">%SapSrcDir%\Setup\msvcp120%CRTDebugPostfix%.dll</Src>
			<Src FileVersion="12.0.21005.1" Hash="SHA-256:86e39b5995af0e042fcdaa85fe2aefd7c9ddc7ad65e6327bd5e7058bc3ab615f" Timestamp="0x0013B23163C1CE01">%SapSrcDir%\Setup\msvcr120%CRTDebugPostfix%.dll</Src>
		</Action>
		<Action Dst="%SapSetupDir%\Setup" Persistent="true" Type="File">
			<Src FileVersion="12.0.21005.1" Hash="SHA-256:c2d0e285e2333a9c620be04a5747881af0d5615da32226886e659ff31a9761cc" Timestamp="0x0013B23163C1CE01">%SapSrcDir%\Setup\mfc120u%CRTDebugPostfix%.dll</Src>
			<Src FileVersion="12.0.21005.1" Hash="SHA-256:90b76725dc52692c8f6ed41eb898719b6c197890a37a4add62807fb357525fef" Timestamp="0x0013B23163C1CE01">%SapSrcDir%\Setup\mfcm120u%CRTDebugPostfix%.dll</Src>
		</Action>
		<Action Dst="%SAPSetupDir%\Setup" Persistent="true" Type="File">
			<Src FileVersion="2015.0.76.0" Hash="SHA-256:127f2f2d45ee72078fecc14a10e81a3f78dc6c4125bfd4caa97ca5cd0923bb85" Timestamp="0x57D6346548C3D101">%SAPsrcDir%\Setup\SapRegSv.exe</Src>
		</Action>
		<Action Dst="%SapSetupDir%\Setup" Persistent="true" Type="File">
			<Src FileVersion="9.0.76.0" Hash="SHA-256:e5ec1392769830f8fafb8c50f58d23ffd87d5503a3489f6bdace9b51306e27f3" Timestamp="0x93B2002848C3D101">%SapSrcDir%\Setup\NwSapSetup.exe</Src>
		</Action>
		<Action Dst="%SapSetupDir%\Setup" Persistent="true" Type="File">
			<Src FileVersion="9.0.76.0" Hash="SHA-256:98a642d32ce285b1b0d98a449474383ca3f95e0c6e81214c8c06aea8e1b0ce05" Timestamp="0xBA7FE80C48C3D101">%SapSrcDir%\Setup\NwCheckWorkstation.exe</Src>
			<Src FileVersion="9.0.76.0" Hash="SHA-256:f999b010b1ca451998650517b0922eebb66feeb3b82708983ef5557d77fde3e0" Timestamp="0xDCB4434F48C3D101">%SapSrcDir%\Setup\NwSAPSetupOnRebootInstSvc.exe</Src>
		</Action>
		<Action Dst="%SAPSetupDir%\Setup" Persistent="true" Type="File">
			<Src Hash="SHA-256:38eb6aaa26bf8735bbfe39e0701aefd0f2f224d2b5df8a45632d5539ea4adbc2" Timestamp="0x00C6ACD76D83CC01">%SAPSrcDir%\Setup\SapSetupError.xsl</Src>
			<Src Hash="SHA-256:6e5bc753c534e5685f31286c21ae3fe8b61b98f42a058d076f9273cf3bcb79dc" Timestamp="0x004C7A13A05BCE01">%SAPSrcDir%\Setup\SapSplash.jpg</Src>
		</Action>
		<Action Dst="%SAPSetupDir%\Setup" Persistent="true" Type="File">
			<Src FileVersion="9.0.76.0" Hash="SHA-256:cd09100972102c817aa67a644f6687e52e7a5c81ddef3f7426743efc8106c204" Register="false" Timestamp="0x3B933B4448C3D101">%SAPSrcDir%\Setup\NwSapSetupEngine.dll</Src>
			<Src FileVersion="9.0.76.0" Hash="SHA-256:c6559713585a6d800a43f798f8463d57a7b16e558f0df0238882d5f68395575a" Register="false" Timestamp="0x90FCEB2D48C3D101">%SAPSrcDir%\Setup\NwSapSetupAtlCommon.dll</Src>
			<Src FileVersion="9.0.76.0" Hash="SHA-256:3d6cf252876ad17d12a9010f5c3cc91812de28e087f42795f81415e112cff492" Register="false" Timestamp="0xA5F8D45448C3D101">%SAPSrcDir%\Setup\NwSapSetupUI.dll</Src>
			<Src FileVersion="9.0.76.0" Hash="SHA-256:6052bd2610ff35eb109db33e2dd1b25bb7e5207178e49e247052bb2c1ffde518" Timestamp="0xF6996E3348C3D101">%SAPSrcDir%\Setup\DotNetUtils40.exe</Src>
			<Src FileVersion="9.0.76.0" Hash="SHA-256:23195a985074241e2530a6bbfbb463daef943bd8224d2d3f80b5fbba045efe86" Timestamp="0xCBB1F83848C3D101">%SAPSrcDir%\Setup\DotNetUtils20.exe</Src>
			<Src FileVersion="9.0.76.0" Hash="SHA-256:ff05e06cab50ce0fe5156072cac7425ede6155fb3e8b905107338cfb161fb6b5" Timestamp="0x197E2F1D48C3D101">%SAPSrcDir%\Setup\NwSapFeiLg.dll</Src>
			<Src FileVersion="9.0.76.0" Hash="SHA-256:00c203771987fa931861634a35bca26ab37fcd339597341e1c8c2e7644907e31" Timestamp="0xA3C7982248C3D101">%SAPSrcDir%\Setup\NwSapFeiUt.dll</Src>
			<Src FileVersion="9.0.76.0" Hash="SHA-256:18c23ba8b54def2116d949b043664e2bacb9daee9f1d4e087844edfee90edea9" Timestamp="0x7FA4345A48C3D101">%SAPSrcDir%\Setup\NwSnapshot64.exe</Src>
			<Src Hash="SHA-256:56a2dbb64a46624058729d4d8f5cdef93836d111501848220c1f82f7e6302a9f" Timestamp="0x00B0A310FA74CB01">%SapSrcDir%\Setup\processconfig.cfg</Src>
		</Action>
		<Action Condition="&quot;%SAPSetupDir%\Setup\IS\NwSapSetupIs.exe&quot;&gt;-1" Description="Allows users to maintain SAP Front-End Applications and Updates on their computers" DisplayName="SAP Front-End Software Maintenance Service" Dst="%SapSetupDir%\Setup\IS" ExeName="%SapSetupDir%\Setup\IS\NwSapSetupIs.exe" RunAt="Uninstall" ServiceName="NwSAPInstallerSvc" StartType="SERVICE_DEMAND_START" Type="NtService">
			<Src FileVersion="9.0.76.0" Hash="SHA-256:ead4a50c56c60d50f0730fc3547a77cd7b1f8d25702d7a46c6af0782139a0ba0" Timestamp="0x5613C34948C3D101">%SapSrcDir%\Setup\NwSapSetupIs.exe</Src>
		</Action>
		<Action Dst="%SAPSetupDir%\Setup" Persistent="true" Type="File">
			<Src Hash="SHA-256:ef9e0a7c8f9fa6c08ca5bc835d084fc19d765102ae836c5767f1b5cfeb5016f9" Timestamp="0x0004ACAA3E03D001">%SapSrcDir%\Setup\ProductCommon.dtd</Src>
			<Src Hash="SHA-256:f1c948262b16a3fe65d2bacf0accf98c5bd8653bd49a125ca61b1902e4c12c72" Timestamp="0x003179728DCED001">%SapSrcDir%\Setup\ProductDefinition.dtd</Src>
			<Src Hash="SHA-256:7a09a04093d54dc6c7ffbd92f5ea1f8c1b145264d58c093d8354a14d96ba6449" Timestamp="0x00942B92311BCE01">%SapSrcDir%\Setup\ProductDefinition2.dtd</Src>
			<Src Hash="SHA-256:0938d7ea05e99cfe3e2283ec1fa9e16fa46326e01285a92507cc6a9849c1de72" Timestamp="0x009DAC83488FD101">%SapSrcDir%\Setup\ProductLocales.dtd</Src>
			<Src Hash="SHA-256:bc3e5e4cb463bdf9616d28361e03e448bc37215a6e0ea5dd1d2e89c2c6afdcf9" Timestamp="0x0044A3B12C6DD001">%SapSrcDir%\Setup\ProductVars.dtd</Src>
		</Action>
	</Component>
	<!-- SAPsetup Files for the Server Only -->
	<Component BuildTime="0xD095186B48C3D101" Guid="{F50578DC-7D16-4E16-A24F-3AF324254DB2}" Min_Compliant_Version="2002" Name="SapSetup Administrative Tools" Size="5449" Version="2314">
		<Requires Guid="{99DCFB1F-61F0-4DA0-BE94-AE3FDA5DCFFD}"/>
		<Action Dst="%SapServerDir%" Type="File">
			<Src FileVersion="2015.0.76.0" Hash="SHA-256:a80e26fe15eb9865b1add2ed44de48fadfa0e2f17d85ed3f57ec2e69122d6029" Timestamp="0xE900200248C3D101">%SapSrcDir%\SetupAll.exe</Src>
		</Action>
		<Action Dst="%SapServerDir%\Setup" ForceOnServer="true" Type="File">
			<Src FileVersion="9.76.0.0" Hash="SHA-256:56b3ac2074c8f5624c2314e6f45c41cf6017bf04a1d00725a5f80a6ca94e3ac7" Timestamp="0x0AED7C0748C3D101">%SapSrcDir%\Setup\Interop.NwSapAdminEngineLib.dll</Src>
			<Src FileVersion="9.0.76.0" Hash="SHA-256:5afe248452031bb3c034a828ad2aeb2d972db490c207705c0114753488ccf02b" Timestamp="0x8B419E3E48C3D101">%SapSrcDir%\Setup\NwSapSetupAdmin.exe</Src>
		</Action>
		<Action Dst="%SapServerDir%" Type="File">
			<Src Hash="SHA-256:2d0f65df03318fa53e7a0d4b211ac1dc57038a8900c7732ae351667ef1606057" Timestamp="0x0059188A34BBD101">%SapSrcDir%\SAP Setup Guide.pdf</Src>
		</Action>
		<Action Dst="%SapServerDir%\Setup" Type="File">
			<Src Hash="SHA-256:ed01ba936b6a08f4660e56eba411352313d936fa92faaf1e1f1d6ea35d184c6c" Timestamp="0x008956E27B88CE01">%SapSrcDir%\Setup\ScriptSamples.xml</Src>
			<Src FileVersion="9.0.76.0" Hash="SHA-256:673f37b69495e3bab5656e8ca44999b961b591798c9cacfb0d1c3d537d0edd69" Timestamp="0x00DD362544C3D101">%SapSrcDir%\Setup\SapSx.exe</Src>
			<Src FileVersion="9.0.76.0" Hash="SHA-256:8832e3c30f91c479ee5e61bff2e798dfd4910d914123759e66beb91eb4249c1f" Timestamp="0xE1E3D01748C3D101">%SapSrcDir%\Setup\NwSapAdminEngine.dll</Src>
			<Src FileVersion="9.0.76.0" Hash="SHA-256:edc5067c3bcd0900daeddfe075ac73608a16428a3e8aab2a7f0cb71b6b042c65" Timestamp="0x23D14D1248C3D101">%SapSrcDir%\Setup\NwCreateInstServer.exe</Src>
			<Src FileVersion="9.0.76.0" Hash="SHA-256:12085d8a229e88b5a88bfd01fd1ac5fd796afb947495606cc42d35ac670b12cf" Timestamp="0x09C1965F48C3D101">%SapSrcDir%\Setup\NwUpdateInstServer.exe</Src>
			<Src Hash="SHA-256:326c3f41e921996c23e496241070d3686f235d23b4005d3ddbf530c942992ea1" Timestamp="0x0025C1E99F5BCE01">%SAPSrcDir%\Setup\SapAdminSplash.jpg</Src>
		</Action>
		<Action Dst="%SapServerDir%\Setup" Type="File">
			<Src Hash="SHA-256:49cc40e30fa04b1ace1d0cf17d6277a3789c259d7871af292b5cec98ac256fcf" Timestamp="0x0046CC5547C3D101">%SapSrcDir%\Setup\SapSetup.xml</Src>
			<Src Hash="SHA-256:58ba8461fe92c5950223f717edb3b0fa982cd010c3f31a527a53997302ce2b48" Timestamp="0x00FDAD2A116ED101">%SapSrcDir%\Setup\SapSetupLocale.xml</Src>
			<Src Hash="SHA-256:e48759a33fa1749b4a16c638c6cb8e2a9ee86074bd81270f0b70e04bb9a88b06" Timestamp="0x00FF760DB7B5D101">%SapSrcDir%\Setup\SapSetupVars.xml</Src>
		</Action>
	</Component>
	<Component BuildTime="0xD095186B48C3D101" Guid="{714A5C76-F750-4218-A5DB-A822A299AAEC}" Min_Compliant_Version="2002" Name="SAPSetup DS" Size="1189" Version="2314">
		<Action Dst="%SapServerDir%\Setup\DS" Type="File">
			<Src Hash="SHA-256:078009f0f3a830f38164990ee569eb8100df5a38f787df4251bf09a810edb7e3" Timestamp="0x00B0A310FA74CB01">%SapSrcDir%\Setup\DS\NwSapSetupDs.cfg</Src>
		</Action>
		<Action Dst="%SapServerDir%\Setup" Type="File">
			<Src FileVersion="9.0.76.0" Hash="SHA-256:ead4a50c56c60d50f0730fc3547a77cd7b1f8d25702d7a46c6af0782139a0ba0" Timestamp="0x5613C34948C3D101">%SapSrcDir%\Setup\NwSapSetupIs.exe</Src>
		</Action>
		<Action Description="SAP Service to manage LSH and ASU" DisplayName="SAP Frontend Software Distribution Service" Dst="%SapServerDir%\Setup\DS" ExeName="%SapSrcDir%\Setup\DS\NwSapSetupDs.exe" ServiceName="NwSAPDistribSvc" Type="NtService">
			<Src FileVersion="9.0.76.0" Hash="SHA-256:f289b2ac7592bcffec7b9daf51e1ab4b62a30760b4ba7ba75990373c6de71615" Timestamp="0x03BABB6A48C3D101">%SapSrcDir%\Setup\DS\NwSapSetupDs.exe</Src>
		</Action>
	</Component>
</SapSetup>
