<?xml version="1.0" encoding="UTF-8"?>
<!DOCTYPE SapSetup SYSTEM "../Setup/ProductDefinition.dtd">
<SapSetup Context="Init" WkstaDb="SapSLCWksta.xml">
  <Component Name="SLC ARP 32 Bit" Guid="{D74A1D41-590D-497D-9493-0AD8969965B9}" Version="300000000" Min_Compliant_Version="200000000" Arch="X86Only">
    <Action Type="Registry" Dst="HKEY_LOCAL_MACHINE\SOFTWARE\Microsoft\Windows\CurrentVersion\Uninstall\Secure Login Client (x86)">
      <RegValue Name="DisplayName" Type="String">SAP Secure Login Client (x86)</RegValue>
      <RegValue Name="DisplayVersion" Type="String">%varSapSLCVersion%</RegValue>
      <RegValue Name="DisplayIcon" Type="String">%SapSLCDestDir%\bin\sbus.exe</RegValue>
      <RegValue Name="Publisher" Type="String">SAP AG</RegValue>
      <RegValue Name="URLUpdateInfo" Type="String">http://service.sap.com</RegValue>
      <RegValue Name="UninstallString" Type="String">"%SAPSetupDir%\setup\NwSapSetup.exe" /Product="SLC" /uninstall</RegValue>
      <RegValue Name="InstallDate" Type="String">%SapSetupInstallDate%</RegValue>
    </Action>
  </Component>
  <Component Name="SLC ARP 64 Bit" Guid="{2F4D0439-3556-4340-A9A1-7092373B57EE}" Version="300000000" Min_Compliant_Version="200000000" Arch="X64">
    <Action Type="Registry" Dst="HKEY_LOCAL_MACHINE\SOFTWARE\Microsoft\Windows\CurrentVersion\Uninstall\Secure Login Client (x64)">
      <RegValue Name="DisplayName" Type="String">SAP Secure Login Client (x64)</RegValue>
      <RegValue Name="DisplayVersion" Type="String">%varSapSLCVersion%</RegValue>
      <RegValue Name="DisplayIcon" Type="String">%SapSLCDestDir%\bin\sbus.exe</RegValue>
      <RegValue Name="Publisher" Type="String">SAP AG</RegValue>
      <RegValue Name="URLUpdateInfo" Type="String">http://service.sap.com</RegValue>
      <RegValue Name="UninstallString" Type="String">"%SAPSetupDir%\setup\NwSapSetup.exe" /Product="SLC" /uninstall</RegValue>
      <RegValue Name="InstallDate" Type="String">%SapSetupInstallDate%</RegValue>
    </Action>
  </Component>
  <Component Name="SLC PreInstall Steps" Guid="{486D18CA-B3BD-46A4-B594-504F2B421C70}" Version="300000000" Min_Compliant_Version="200000000" Arch="X86" Order="PreInstall">
    <ExecuteAction RunAt="Install">
      <Condition>%varSapSLCOldVersionExists% = TRUE</Condition>
      <Exe SuppressWindow="true" DisplayText="Uninstalling Secure Login Client (MSI)">%WinSysDir%\msiexec.exe</Exe>
      <Parameters>/x{F3608CA5-DC76-4963-9F8B-023D825649AB} /quiet /qn /l*v "%SAPSetupDir%\LOGs\SecureLoginClient.MSI.log" /norestart</Parameters>
      <Wait TimeOut="180000">((%ErrorLevel% = 0) OR (%ErrorLevel% = 3010))</Wait>
    </ExecuteAction>
    <ExecuteAction RunAt="Install">
      <Condition>%varSapSLCOld64BitVersionExists% = TRUE</Condition>
      <Exe SuppressWindow="true" DisplayText="Uninstalling Secure Login Client (MSI)">%WinSysDir%\msiexec.exe</Exe>
      <Parameters>/x{98D87EE7-3E46-4029-8C78-B660902CDA25} /quiet /qn /l*v "%SAPSetupDir%\LOGs\SecureLoginClient.MSI.log" /norestart</Parameters>
      <Wait TimeOut="180000">((%ErrorLevel% = 0) OR (%ErrorLevel% = 3010))</Wait>
    </ExecuteAction>
    <ExecuteAction RunAt="Install">
      <Condition>((%varSLCsapsecureloginservice% = RUNNING) AND (NOT(%varSapSLCOld64BitVersionExists% = TRUE )) AND (NOT(%varSapSLCOldVersionExists% = TRUE )))</Condition>
      <Exe SuppressWindow="true" DisplayText="Stopping Secure Login Service">%WinSysDir%\sc.exe</Exe>
      <Parameters>stop sap.securelogin.service</Parameters>
      <Wait>%ErrorLevel% = 0</Wait>
    </ExecuteAction>
    <ExecuteAction RunAt="Update">
      <Condition>%varSLCsapsecureloginservice% = RUNNING</Condition>
      <Exe SuppressWindow="true" DisplayText="Stopping Secure Login Service">%WinSysDir%\sc.exe</Exe>
      <Parameters>stop sap.securelogin.service</Parameters>
      <Wait>%ErrorLevel% = 0</Wait>
    </ExecuteAction>
    <ExecuteAction RunAt="Install">
      <Condition>((%varSLCsbusexe% = RUNNING) AND (NOT(%varSapSLCOld64BitVersionExists% = TRUE )) AND (NOT(%varSapSLCOldVersionExists% = TRUE )))</Condition>
      <Exe SuppressWindow="true" DisplayText="Terminating sbus.exe">%WinSysDir%\taskkill.exe</Exe>
      <Parameters>/F /IM sbus.exe /T</Parameters>
      <Wait TimeOut="120000">%ErrorLevel% = 0</Wait>
    </ExecuteAction>
    <ExecuteAction RunAt="Update">
      <Condition>%varSLCsbusexe% = RUNNING</Condition>
      <Exe SuppressWindow="true" DisplayText="Terminating sbus.exe">%WinSysDir%\taskkill.exe</Exe>
      <Parameters>/F /IM sbus.exe /T</Parameters>
      <Wait TimeOut="120000">%ErrorLevel% = 0</Wait>
    </ExecuteAction>
  </Component>
  <Component Name="SLC Common Data" Guid="{2D66F797-3959-4F25-B74D-845CC43D30B8}" Version="300000000" Min_Compliant_Version="200000000">
    <Requires Guid="{D74A1D41-590D-497D-9493-0AD8969965B9}" Name="SLC ARP 32 Bit"/>
    <Requires Guid="{2F4D0439-3556-4340-A9A1-7092373B57EE}" Name="SLC ARP 64 Bit"/>
    <Requires Guid="{486D18CA-B3BD-46A4-B594-504F2B421C70}" Name="SLC PreInstall Steps"/>
    <Requires Guid="{58BD1E0B-4BC3-4E8F-85F8-9DA341A60A58}" Name="SLC PostInstall Steps"/>
    <Requires Guid="{0E3240A0-53C3-4F8B-9394-B0E40AC60F09}" Name="SLC Logging PreInstall"/>
  </Component>

  <Component Name="SLC Base x86" Guid="{D3A7037B-4E78-4A6E-8377-46189EFC116A}" Version="300000000" Min_Compliant_Version="200000000" Arch="X86">
    <Requires Guid="{0C310D84-F99C-4D48-AE72-48AAF4D13575}" Name="SLC Base Registry x86"/>
    <Requires Guid="{13863E0F-8697-4A2C-8AFD-88DE074992B3}" Name="SLC Bitmaps"/>
    <Requires Guid="{6054AC8F-AEFC-44FC-A221-C490424921C8}" Name="SLC GSS x86"/>
    <Requires Guid="{691E3ECF-9062-4085-B972-254C4D166947}" Name="SLC SSF x86"/>
    <Requires Guid="{BE28780C-EA89-4241-B899-08F978591A97}" Name="SLC Languages"/>
    <Requires Guid="{9CC06BA3-8450-41B1-B099-A7CE21E56D08}" Name="SLC PKI x86"/>
    <Requires Guid="{9CAD1B1D-6074-4194-8EFA-6280DEC99BC0}" Name="SLC CryptoKernel x86"/>
    
    <Action Type="Registry" Dst="HKEY_LOCAL_MACHINE\SOFTWARE\Policies\SAP\SecureLogin\Common">
      <RegValue Name="TrustDB" Type="String">capi:</RegValue>
    </Action>
    <Action Type="File" Dst="%SapSLCDestDir%">
      <Src>%SapSrcDir%\%varSapSLCSrcDir%\x86\SECURE_LOGIN_CLIENT_32BIT_VERSION.txt</Src>
    </Action>

    <Action Type="File" Dst="%SapSLCDestDir%\lib">
      <Src ForceDelete="true">%SapSrcDir%\%varSapSLCSrcDir%\x86\lib\sapcrypto.dll</Src>
      <Src ForceDelete="true">%SapSrcDir%\%varSapSLCSrcDir%\x86\lib\sbus.dll</Src>
      <Src ForceDelete="true">%SapSrcDir%\%varSapSLCSrcDir%\x86\lib\sbusbase.dll</Src>
      <Src ForceDelete="true">%SapSrcDir%\%varSapSLCSrcDir%\x86\lib\sbuscompipe.dll</Src>
      <Src ForceDelete="true">%SapSrcDir%\%varSapSLCSrcDir%\x86\lib\sbuscomsock.dll</Src>
      <Src ForceDelete="true">%SapSrcDir%\%varSapSLCSrcDir%\x86\lib\sbusgui.dll</Src>
      <Src ForceDelete="true">%SapSrcDir%\%varSapSLCSrcDir%\x86\lib\sbuspkcs11.dll</Src>
      <Src ForceDelete="true">%SapSrcDir%\%varSapSLCSrcDir%\x86\lib\sbuspolicy.dll</Src>
      <Src ForceDelete="true">%SapSrcDir%\%varSapSLCSrcDir%\x86\lib\sbusps.dll</Src>
      <Src ForceDelete="true">%SapSrcDir%\%varSapSLCSrcDir%\x86\lib\sbuspse.dll</Src>
      <Src ForceDelete="true">%SapSrcDir%\%varSapSLCSrcDir%\x86\lib\sbusresloader.dll</Src>
      <Src ForceDelete="true">%SapSrcDir%\%varSapSLCSrcDir%\x86\lib\sbusstring.dll</Src>
      <Src ForceDelete="true">%SapSrcDir%\%varSapSLCSrcDir%\x86\lib\secpkcs11.dll</Src>
    </Action>
    <Action Type="File" Dst="%SapSLCDestDir%\bin">
      <Src>%SapSrcDir%\%varSapSLCSrcDir%\x86\bin\sbus.exe</Src>
    </Action>
  </Component>

  <Component Name="SLC Base x64" Guid="{AAE39B60-6F49-48A1-A448-A93050D26BE9}" Version="300000000" Min_Compliant_Version="200000000" Arch="X64">
    <Requires Guid="{0C310D84-F99C-4D48-AE72-48AAF4D13575}" Name="SLC Base Registry x86"/>
    <Requires Guid="{A9B06D88-0582-4D91-B413-D9A14239C1F6}" Name="SLC Base Registry x64"/>
    <Requires Guid="{D3A7037B-4E78-4A6E-8377-46189EFC116A}" Name="SLC Base x86"/>
    <Requires Guid="{6054AC8F-AEFC-44FC-A221-C490424921C8}" Name="SLC GSS x86"/>
    <Requires Guid="{1DFCECB2-E0A3-4B49-8651-C37841B41452}" Name="SLC GSS x64"/>
    <Requires Guid="{691E3ECF-9062-4085-B972-254C4D166947}" Name="SLC SSF x86"/>
    <Requires Guid="{692296E9-9248-4FE8-BF80-50E738815D59}" Name="SLC SSF x64"/>
    <Requires Guid="{9CC06BA3-8450-41B1-B099-A7CE21E56D08}" Name="SLC PKI x86"/>
    <Requires Guid="{9C17060F-4B26-4CD6-A77D-A20041687F9D}" Name="SLC PKI x64"/>
    <Requires Guid="{06C2BE87-973C-4C73-9FAF-E96806FE6620}" Name="SLC CryptoKernel x64"/>

    <Action Type="File" Dst="%SapSLC64BitDestDir%">
      <Src>%SapSrcDir%\%varSapSLCSrcDir%\x64\SECURE_LOGIN_CLIENT_64BIT_VERSION.txt</Src>
    </Action>
    <Action Type="File" Dst="%SapSLC64BitDestDir%\lib">
      <Src ForceDelete="true">%SapSrcDir%\%varSapSLCSrcDir%\x64\lib\sapcrypto.dll</Src>
      <Src ForceDelete="true">%SapSrcDir%\%varSapSLCSrcDir%\x64\lib\sbusbase.dll</Src>
      <Src ForceDelete="true">%SapSrcDir%\%varSapSLCSrcDir%\x64\lib\sbuscompipe.dll</Src>
      <Src ForceDelete="true">%SapSrcDir%\%varSapSLCSrcDir%\x64\lib\sbuspkcs11.dll</Src>
      <Src ForceDelete="true">%SapSrcDir%\%varSapSLCSrcDir%\x64\lib\sbuspolicy.dll</Src>
      <Src ForceDelete="true">%SapSrcDir%\%varSapSLCSrcDir%\x64\lib\sbusps.dll</Src>
      <Src ForceDelete="true">%SapSrcDir%\%varSapSLCSrcDir%\x64\lib\sbuspse.dll</Src>
      <Src ForceDelete="true">%SapSrcDir%\%varSapSLCSrcDir%\x64\lib\sbusresloader.dll</Src>
      <Src ForceDelete="true">%SapSrcDir%\%varSapSLCSrcDir%\x64\lib\sbusstring.dll</Src>
      <Src ForceDelete="true">%SapSrcDir%\%varSapSLCSrcDir%\x64\lib\secpkcs11.dll</Src>
    </Action>
  </Component>
  <Component Name="SLC Base Registry x86" Guid="{0C310D84-F99C-4D48-AE72-48AAF4D13575}" Version="300000000" Min_Compliant_Version="200000000" Arch="X86">
    <Action Type="Registry" Dst="HKEY_LOCAL_MACHINE\SOFTWARE\SAP\SecureLogin">
      <RegValue Name="CurrentVersion" Type="String">%varSapSLCVersion%</RegValue>
      <RegValue Name="InstallPath" Type="String">%SapSLCDestDir%\</RegValue>
      <RegValue Name="InstallPath32" Type="String">%SapSLCDestDir%\</RegValue>
      <RegValue Name="Secure Login Client" Type="String">%varSapSLCVersion%</RegValue>
    </Action>
    <Action Type="Registry" Dst="HKEY_LOCAL_MACHINE\SOFTWARE\SAP\SecureLogin" Condition="%WOW64MODE% = TRUE">
      <RegValue Name="InstallPath64" Type="String">%SapSLC64BitDestDir%\</RegValue>
    </Action>
  </Component>
  <Component Name="SLC Base Registry x64" Guid="{A9B06D88-0582-4D91-B413-D9A14239C1F6}" Version="300000000" Min_Compliant_Version="200000000" Arch="X64">
    <Action Type="Registry" Dst="HKEY_LOCAL_MACHINE\SOFTWARE\SAP\SecureLogin">
      <RegValue Name="CurrentVersion" Type="String">%varSapSLCVersion%</RegValue>
      <RegValue Name="InstallPath" Type="String">%SapSLC64BitDestDir%\</RegValue>
      <RegValue Name="InstallPath32" Type="String">%SapSLCDestDir%\</RegValue>
      <RegValue Name="InstallPath64" Type="String">%SapSLC64BitDestDir%\</RegValue>
    </Action>
  </Component>

  <Component Name="SLC Languages" Guid="{BE28780C-EA89-4241-B899-08F978591A97}" Version="300000000" Min_Compliant_Version="200000000" Arch="X86">
    <Action Type="File" Dst="%SapSLCDestDir%\etc\en_US">
      <Src>%SapSrcDir%\%varSapSLCSrcDir%\x86\etc\en_US\sbusgui.res</Src>
      <Src>%SapSrcDir%\%varSapSLCSrcDir%\x86\etc\en_US\slogsvc.res</Src>
    </Action>
    <Action Type="File" Dst="%SapSLCDestDir%\etc\fr_FR">
      <Src>%SapSrcDir%\%varSapSLCSrcDir%\x86\etc\fr_FR\sbusgui.res</Src>
      <Src>%SapSrcDir%\%varSapSLCSrcDir%\x86\etc\fr_FR\slogsvc.res</Src>
    </Action>
    <Action Type="File" Dst="%SapSLCDestDir%\etc\ja_JP">
      <Src>%SapSrcDir%\%varSapSLCSrcDir%\x86\etc\ja_JP\sbusgui.res</Src>
      <Src>%SapSrcDir%\%varSapSLCSrcDir%\x86\etc\ja_JP\slogsvc.res</Src>
    </Action>
    <Action Type="File" Dst="%SapSLCDestDir%\etc\pt_BR">
      <Src>%SapSrcDir%\%varSapSLCSrcDir%\x86\etc\pt_BR\sbusgui.res</Src>
      <Src>%SapSrcDir%\%varSapSLCSrcDir%\x86\etc\pt_BR\slogsvc.res</Src>
    </Action>
    <Action Type="File" Dst="%SapSLCDestDir%\etc\ru_RU">
      <Src>%SapSrcDir%\%varSapSLCSrcDir%\x86\etc\ru_RU\sbusgui.res</Src>
      <Src>%SapSrcDir%\%varSapSLCSrcDir%\x86\etc\ru_RU\slogsvc.res</Src>
    </Action>
    <Action Type="File" Dst="%SapSLCDestDir%\etc\zh_CN">
      <Src>%SapSrcDir%\%varSapSLCSrcDir%\x86\etc\zh_CN\sbusgui.res</Src>
      <Src>%SapSrcDir%\%varSapSLCSrcDir%\x86\etc\zh_CN\slogsvc.res</Src>
    </Action>
    <Action Type="File" Dst="%SapSLCDestDir%\etc\de_DE">
      <Src>%SapSrcDir%\%varSapSLCSrcDir%\x86\etc\de_DE\sbusgui.res</Src>
      <Src>%SapSrcDir%\%varSapSLCSrcDir%\x86\etc\de_DE\slogsvc.res</Src>
    </Action>
    <Action Type="File" Dst="%SapSLCDestDir%\etc\es_ES">
      <Src>%SapSrcDir%\%varSapSLCSrcDir%\x86\etc\es_ES\sbusgui.res</Src>
      <Src>%SapSrcDir%\%varSapSLCSrcDir%\x86\etc\es_ES\slogsvc.res</Src>
    </Action>
    <Action Type="File" Dst="%SapSLCDestDir%\etc\it_IT">
      <Src>%SapSrcDir%\%varSapSLCSrcDir%\x86\etc\it_IT\sbusgui.res</Src>
      <Src>%SapSrcDir%\%varSapSLCSrcDir%\x86\etc\it_IT\slogsvc.res</Src>
    </Action>
    <Action Type="File" Dst="%SapSLCDestDir%\etc\ar_SA">
      <Src>%SapSrcDir%\%varSapSLCSrcDir%\x86\etc\ar_SA\sbusgui.res</Src>
      <Src>%SapSrcDir%\%varSapSLCSrcDir%\x86\etc\ar_SA\slogsvc.res</Src>
    </Action>
    <Action Type="File" Dst="%SapSLCDestDir%\etc\hi_IN">
      <Src>%SapSrcDir%\%varSapSLCSrcDir%\x86\etc\hi_IN\sbusgui.res</Src>
      <Src>%SapSrcDir%\%varSapSLCSrcDir%\x86\etc\hi_IN\slogsvc.res</Src>
    </Action>
    <Action Type="File" Dst="%SapSLCDestDir%\etc\tr_TR">
      <Src>%SapSrcDir%\%varSapSLCSrcDir%\x86\etc\tr_TR\sbusgui.res</Src>
      <Src>%SapSrcDir%\%varSapSLCSrcDir%\x86\etc\tr_TR\slogsvc.res</Src>
    </Action>
    <Action Type="File" Dst="%SapSLCDestDir%\etc\nl_NL">
      <Src>%SapSrcDir%\%varSapSLCSrcDir%\x86\etc\nl_NL\sbusgui.res</Src>
      <Src>%SapSrcDir%\%varSapSLCSrcDir%\x86\etc\nl_NL\slogsvc.res</Src>
    </Action>
    <Action Type="File" Dst="%SapSLCDestDir%\etc\kk_KZ">
      <Src>%SapSrcDir%\%varSapSLCSrcDir%\x86\etc\kk_KZ\sbusgui.res</Src>
      <Src>%SapSrcDir%\%varSapSLCSrcDir%\x86\etc\kk_KZ\slogsvc.res</Src>
    </Action>
  </Component>

  <Component Name="SLC Bitmaps" Guid="{13863E0F-8697-4A2C-8AFD-88DE074992B3}" Version="300000000" Min_Compliant_Version="200000000" Arch="X86">
    <Action Type="File" Dst="%SapSLCDestDir%\etc">
      <Src>%SapSrcDir%\%varSapSLCSrcDir%\x86\etc\about.png</Src>
      <Src>%SapSrcDir%\%varSapSLCSrcDir%\x86\etc\capslock.png</Src>
      <Src>%SapSrcDir%\%varSapSLCSrcDir%\x86\etc\cert_32.png</Src>
      <Src>%SapSrcDir%\%varSapSLCSrcDir%\x86\etc\cert_bad_32.png</Src>
      <Src>%SapSrcDir%\%varSapSLCSrcDir%\x86\etc\kerberos.png</Src>
      <Src>%SapSrcDir%\%varSapSLCSrcDir%\x86\etc\kerberos_disabled.png</Src>
      <Src>%SapSrcDir%\%varSapSLCSrcDir%\x86\etc\logo.png</Src>
      <Src>%SapSrcDir%\%varSapSLCSrcDir%\x86\etc\menu_check.png</Src>
      <Src>%SapSrcDir%\%varSapSLCSrcDir%\x86\etc\red_16x16.png</Src>
      <Src>%SapSrcDir%\%varSapSLCSrcDir%\x86\etc\red_32x32.png</Src>
      <Src>%SapSrcDir%\%varSapSLCSrcDir%\x86\etc\sap_16x16.png</Src>
      <Src>%SapSrcDir%\%varSapSLCSrcDir%\x86\etc\sap_32x32.png</Src>
      <Src>%SapSrcDir%\%varSapSLCSrcDir%\x86\etc\saplogon_16x16.png</Src>
      <Src>%SapSrcDir%\%varSapSLCSrcDir%\x86\etc\securelogin_cert_32.png</Src>
      <Src>%SapSrcDir%\%varSapSLCSrcDir%\x86\etc\securelogin_no_cert_32.png</Src>
      <Src>%SapSrcDir%\%varSapSLCSrcDir%\x86\etc\rfid_cert_32.png</Src>
      <Src>%SapSrcDir%\%varSapSLCSrcDir%\x86\etc\rfid_no_cert_32.png</Src>
      <Src>%SapSrcDir%\%varSapSLCSrcDir%\x86\etc\webadapter_cert_32x32.png</Src>
      <Src>%SapSrcDir%\%varSapSLCSrcDir%\x86\etc\webadapter_no_cert_32x32.png</Src>
      <Src>%SapSrcDir%\%varSapSLCSrcDir%\x86\etc\localhost_cert_32x32.png</Src>
      <Src>%SapSrcDir%\%varSapSLCSrcDir%\x86\etc\localhost_no_cert_32x32.png</Src>
      <Src>%SapSrcDir%\%varSapSLCSrcDir%\x86\etc\warning.png</Src>
      <Src>%SapSrcDir%\%varSapSLCSrcDir%\x86\etc\user20x20.png</Src>
      <Src>%SapSrcDir%\%varSapSLCSrcDir%\x86\etc\pass20x20.png</Src>
      <Src>%SapSrcDir%\%varSapSLCSrcDir%\x86\etc\encryption_only_mode_off_32x32.png</Src>
      <Src>%SapSrcDir%\%varSapSLCSrcDir%\x86\etc\encryption_only_mode_on_32x32.png</Src>
    </Action>
  </Component>

  <Component Name="SLC Autostart" Guid="{EB8C8574-16E6-41DC-9BB4-5B1991C5B4A3}" Version="300000000" Min_Compliant_Version="200000000" Arch="X86" Order="PostInstall">
    <Requires Guid="{0C310D84-F99C-4D48-AE72-48AAF4D13575}" Name="SLC Base Registry x86"/>
    <Requires Guid="{A9B06D88-0582-4D91-B413-D9A14239C1F6}" Name="SLC Base Registry x64"/>
    <Requires Guid="{D3A7037B-4E78-4A6E-8377-46189EFC116A}" Name="SLC Base x86"/>
    <Requires Guid="{AAE39B60-6F49-48A1-A448-A93050D26BE9}" Name="SLC Base x64"/>
    <Action Type="Registry" Dst="HKEY_LOCAL_MACHINE\SOFTWARE\Microsoft\Windows\CurrentVersion\Run">
      <RegValue Name="SBUSGUI" Type="String">%SapSLCDestDir%\bin\sbus.exe</RegValue>
    </Action>
    <ExecuteAction RunAt="Install">
      <Exe>%SapSLCDestDir%\bin\sbus.exe</Exe>
      <Parameters>--start-with-limited-rights</Parameters>
      <NoWait/>
    </ExecuteAction>
  </Component>

  <Component Name="SLC GSS x86" Guid="{6054AC8F-AEFC-44FC-A221-C490424921C8}" Version="300000000" Min_Compliant_Version="300000000" Arch="X86">
    <Action Type="Registry" Dst="HKEY_LOCAL_MACHINE\SYSTEM\CurrentControlSet\Control\Session Manager\Environment">
      <RegValue Name="SNC_LIB" Type="String">%SapSLCDestDir%\lib\sapcrypto.dll</RegValue>
    </Action>
  </Component>
  <Component Name="SLC GSS x64" Guid="{1DFCECB2-E0A3-4B49-8651-C37841B41452}" Version="300000000" Min_Compliant_Version="300000000" Arch="X64">
    <Requires Guid="{6054AC8F-AEFC-44FC-A221-C490424921C8}" Name="SLC GSS x86"/>
    <Action Type="Registry" Dst="HKEY_LOCAL_MACHINE\SYSTEM\CurrentControlSet\Control\Session Manager\Environment">
      <RegValue Name="SNC_LIB_64" Type="String">%SapSLC64BitDestDir%\lib\sapcrypto.dll</RegValue>
    </Action>
  </Component>
  <Component Name="SLC SSF x86" Guid="{691E3ECF-9062-4085-B972-254C4D166947}" Version="300000000" Min_Compliant_Version="200000000" Arch="X86">
    <Action Type="Registry" Dst="HKEY_LOCAL_MACHINE\SYSTEM\CurrentControlSet\Control\Session Manager\Environment">
      <RegValue Name="SSF_LIBRARY_PATH" Type="String">%SapSLCDestDir%\lib\sapcrypto.dll</RegValue>
    </Action>
  </Component>
  <Component Name="SLC SSF x64" Guid="{692296E9-9248-4FE8-BF80-50E738815D59}" Version="300000000" Min_Compliant_Version="200000000" Arch="X64">
    <Requires Guid="{691E3ECF-9062-4085-B972-254C4D166947}" Name="SLC SSF x86"/>
    <Action Type="Registry" Dst="HKEY_LOCAL_MACHINE\SYSTEM\CurrentControlSet\Control\Session Manager\Environment">
      <RegValue Name="SSF_LIBRARY_PATH_64" Type="String">%SapSLC64BitDestDir%\lib\sapcrypto.dll</RegValue>
    </Action>
  </Component>

  <Component Name="SLC CSP x86" Guid="{9897FBD7-70C4-424B-B39B-A6982B685E04}" Version="300000000" Min_Compliant_Version="200004000" Arch="X86">
    <Requires Guid="{D3A7037B-4E78-4A6E-8377-46189EFC116A}" Name="SLC Base x86"/>
    <Action Type="File" Dst="%SapSLCDestDir%\lib">
      <Src ForceDelete="true"  Register="false">%SapSrcDir%\%varSapSLCSrcDir%\x86\lib\sapcsp.dll</Src>
      <Src ForceDelete="true">%SapSrcDir%\%varSapSLCSrcDir%\x86\lib\sbussto.dll</Src>
    </Action>
    <Action Type="Registry" Dst="HKEY_LOCAL_MACHINE\SOFTWARE\Microsoft\Cryptography\Defaults\Provider\Secure Login CSP">
      <RegValue Name="Image Path" Type="String">%SapSLCDestDir%\lib\sapcsp.dll</RegValue>
      <RegValue Name="SigInFile" Type="DWORD">0</RegValue>
      <RegValue Name="Type" Type="DWORD">1</RegValue>
    </Action>
  </Component>

  <Component Name="SLC CSP x64" Guid="{B010908F-5B6D-4831-8D81-11F5976984F1}" Version="300000000" Min_Compliant_Version="200004000" Arch="X64">
    <Requires Guid="{9897FBD7-70C4-424B-B39B-A6982B685E04}" Name="SLC CSP x86"/>
    <Requires Guid="{D3A7037B-4E78-4A6E-8377-46189EFC116A}" Name="SLC Base x86"/>
    <Requires Guid="{AAE39B60-6F49-48A1-A448-A93050D26BE9}" Name="SLC Base x64"/>
    <Action Type="File" Dst="%SapSLC64BitDestDir%\lib">
      <Src ForceDelete="true" Register="false">%SapSrcDir%\%varSapSLCSrcDir%\x64\lib\sapcsp.dll</Src>
      <Src ForceDelete="true">%SapSrcDir%\%varSapSLCSrcDir%\x64\lib\sbussto.dll</Src>
    </Action>
    <Action Type="Registry" Dst="HKEY_LOCAL_MACHINE\SOFTWARE\Microsoft\Cryptography\Defaults\Provider\Secure Login CSP">
      <RegValue Name="Image Path" Type="String">%SapSLC64BitDestDir%\lib\sapcsp.dll</RegValue>
      <RegValue Name="SigInFile" Type="DWORD">0</RegValue>
      <RegValue Name="Type" Type="DWORD">1</RegValue>
    </Action>
  </Component>

  <Component Name="SLC PKI x86" Guid="{9CC06BA3-8450-41B1-B099-A7CE21E56D08}" Version="300000000" Min_Compliant_Version="200000000" Arch="X86">
    <Action Type="File" Dst="%SapSLCDestDir%\lib">
      <Src ForceDelete="true">%SapSrcDir%\%varSapSLCSrcDir%\x86\lib\secocsp.dll</Src>
    </Action>
  </Component>
  <Component Name="SLC PKI x64" Guid="{9C17060F-4B26-4CD6-A77D-A20041687F9D}" Version="300000000" Min_Compliant_Version="200000000" Arch="X64">
    <Requires Guid="{9CC06BA3-8450-41B1-B099-A7CE21E56D08}" Name="SLC PKI x86"/>
    <Action Type="File" Dst="%SapSLC64BitDestDir%\lib">
      <Src ForceDelete="true">%SapSrcDir%\%varSapSLCSrcDir%\x64\lib\secocsp.dll</Src>
    </Action>
  </Component>

  <Component Name="SLC CryptoKernel x86" Guid="{9CAD1B1D-6074-4194-8EFA-6280DEC99BC0}" Version="300000000" Min_Compliant_Version="300000000" Arch="X86">
  </Component>

  <Component Name="SLC CryptoKernel x64" Guid="{06C2BE87-973C-4C73-9FAF-E96806FE6620}" Version="300000000" Min_Compliant_Version="300000000" Arch="X64">
  </Component>

  <Component Name="SLC Logging PreInstall" Guid="{0E3240A0-53C3-4F8B-9394-B0E40AC60F09}" Version="300000000" Min_Compliant_Version="200000000" Arch="X86"  Order="PreInstall">
    If NwEngine.Shell.FileExists("%SapSLCDestDir%\etc\sectrace.ini") Then
        NwEngine.Shell.DeleteFile("%SapSLCDestDir%\etc\sectrace.ini")
    End if
    If NwEngine.Shell.FileExists("%SapSLC64BitDestDir%\etc\sectrace.ini") Then
        NwEngine.Shell.DeleteFile("%SapSLC64BitDestDir%\etc\sectrace.ini")
    End if
  </Component>

  <Component Name="SLC PolicyDownloader" Guid="{3617B27F-C5C0-4F4B-8E55-B9A3EDC36D27}" Version="300000000" Min_Compliant_Version="200000000" Arch="X86">
    <Requires Guid="{D3A7037B-4E78-4A6E-8377-46189EFC116A}" Name="SLC Base x86"/>
    <Requires Guid="{AAE39B60-6F49-48A1-A448-A93050D26BE9}" Name="SLC Base x64"/>
    <Action Type="Registry" Dst="HKEY_LOCAL_MACHINE\SYSTEM\CurrentControlSet\Services\Eventlog\Application\sap.securelogin.service">
      <RegValue Name="EventMessageFile" Type="String">%SapSLCDestDir%\bin\sbusagent.exe</RegValue>
    </Action>
    <Action Type="NtService" Dst="%SapSLCDestDir%\bin" Description="Secure Login Service - Policy Downloader" DisplayName="Secure Login Service" ExeName='"%SapSLCDestDir%\bin\sbusagent.exe" -daemon' ServiceName="sap.securelogin.service" StartOnServer="false" ServiceType="SERVICE_WIN32_OWN_PROCESS" ServiceTypeInteractive="false" StartType="SERVICE_AUTO_START" TerminateRunningService="true" Dependencies="RPCSS">
      <Src>%SapSrcDir%\%varSapSLCSrcDir%\x86\bin\sbusagent.exe</Src>
    </Action>
    <Action Type="Script" RunAt="Uninstall" Condition="%varSLCsapsecureloginservice% = RUNNING">
      <Src>
        NwEngine.Variables.AppendDefaultValue "varSLCsapsecureloginservice", "NOTINSTALLED"
      </Src>
    </Action>
    <!-- comment out for user space policy download 
     <Action Type="Registry" Dst="HKEY_LOCAL_MACHINE\SOFTWARE\Policies\SAP\SecureLogin\Common">
       <RegValue Name="ShowUserPoliciesPage" Type="DWORD">1</RegValue>
    </Action>
    -->
  </Component>

  <Component Name="SLC SecureLogin" Guid="{7FC95F38-2089-466D-B142-0FAA3D70151E}" Version="300000000" Min_Compliant_Version="200000000" Arch="X86">
    <Requires Guid="{D3A7037B-4E78-4A6E-8377-46189EFC116A}" Name="SLC Base x86"/>
    <Requires Guid="{AAE39B60-6F49-48A1-A448-A93050D26BE9}" Name="SLC Base x64"/>
    <Requires Guid="{B324467F-3A03-4282-9831-29531EFA00DD}" Name="SLC SecureLogin x64"/>
    <Action Type="File" Dst="%SapSLCDestDir%\lib">
      <Src ForceDelete="true">%SapSrcDir%\%varSapSLCSrcDir%\x86\lib\sbusslogin.dll</Src>
      <Src ForceDelete="true">%SapSrcDir%\%varSapSLCSrcDir%\x86\lib\slwc.dll</Src>
      <Src ForceDelete="true">%SapSrcDir%\%varSapSLCSrcDir%\x86\lib\slsax.dll</Src>
    </Action>
  </Component>

  <Component Name="SLC SecureLogin x64" Guid="{B324467F-3A03-4282-9831-29531EFA00DD}" Version="300000000" Min_Compliant_Version="200000000" Arch="X64">
    <Requires Guid="{AAE39B60-6F49-48A1-A448-A93050D26BE9}" Name="SLC Base x64"/>
    <Action Type="File" Dst="%SapSLC64BitDestDir%\lib">
      <Src ForceDelete="true">%SapSrcDir%\%varSapSLCSrcDir%\x64\lib\slsax.dll</Src>
    </Action>
  </Component>

  <Component Name="SLC Kerberos 32 Bit" Guid="{E0F84EB5-1133-45D3-997C-A27562EC7CEF}" Version="300000000" Min_Compliant_Version="200000000" Arch="X86">
    <Requires Guid="{D3A7037B-4E78-4A6E-8377-46189EFC116A}" Name="SLC Base x86"/>
    <Action Type="Registry" Dst="HKEY_LOCAL_MACHINE\SOFTWARE\Policies\SAP\SecureLogin">
      <RegValue Name="EnableKerberosProfile" Type="DWORD">1</RegValue>
    </Action>
    <Action Type="File" Dst="%SapSLCDestDir%\lib">
      <Src ForceDelete="true">%SapSrcDir%\%varSapSLCSrcDir%\x86\lib\slcax.dll</Src>
    </Action>
    <Action Type="File" Dst="%SapSLCDestDir%\lib">
      <Src ForceDelete="true">%SapSrcDir%\%varSapSLCSrcDir%\x86\lib\sncax.dll</Src>
    </Action>
  </Component>
  <Component Name="SLC Kerberos 64 Bit" Guid="{EFA9658E-3505-4A53-800F-265FB88758B0}" Version="300000000" Min_Compliant_Version="200000000" Arch="X64">
    <Requires Guid="{E0F84EB5-1133-45D3-997C-A27562EC7CEF}" Name="SLC Kerberos 32 Bit"/>
    <Requires Guid="{D3A7037B-4E78-4A6E-8377-46189EFC116A}" Name="SLC Base x86"/>
    <Requires Guid="{AAE39B60-6F49-48A1-A448-A93050D26BE9}" Name="SLC Base x64"/>
    <Action Type="Registry" Dst="HKEY_LOCAL_MACHINE\SOFTWARE\Policies\SAP\SecureLogin">
      <RegValue Name="EnableKerberosProfile" Type="DWORD">1</RegValue>
    </Action>
    <Action Type="File" Dst="%SapSLC64BitDestDir%\lib">
      <Src ForceDelete="true">%SapSrcDir%\%varSapSLCSrcDir%\x64\lib\slcax.dll</Src>
    </Action>
    <Action Type="File" Dst="%SapSLC64BitDestDir%\lib">
      <Src ForceDelete="true">%SapSrcDir%\%varSapSLCSrcDir%\x64\lib\sncax.dll</Src>
    </Action>
  </Component>

  <Component Name="SLC PostInstall Steps" Guid="{58BD1E0B-4BC3-4E8F-85F8-9DA341A60A58}" Version="300000000" Min_Compliant_Version="200000000" Arch="X86" Order="PostInstall">
<!-- temporary update fix - ExecuteAction will be included again if SapSetup fix the problem with service start on service installation
    <ExecuteAction RunAt="Update">
      <Condition>%varSLCsapsecureloginservice% = RUNNING</Condition>
      <Exe SuppressWindow="true" DisplayText="Stopping Secure Login Service">%WinSysDir%\sc.exe</Exe>
      <Parameters>start sap.securelogin.service</Parameters>
      <Wait>%ErrorLevel% = 0</Wait>
    </ExecuteAction>
-->
    <ExecuteAction RunAt="Uninstall">
      <Condition>%varSLCsapsecureloginservice% = RUNNING</Condition>
      <Exe SuppressWindow="true" DisplayText="Stopping Secure Login Service">%WinSysDir%\sc.exe</Exe>
      <Parameters>stop sap.securelogin.service</Parameters>
      <Wait>%ErrorLevel% = 0</Wait>
    </ExecuteAction>
    <ExecuteAction RunAt="Update">
      <Condition>%varSLCsbusexe% = RUNNING</Condition>
      <Exe>%SapSLCDestDir%\bin\sbus.exe</Exe>
	  <Parameters>--start-with-limited-rights</Parameters>
      <NoWait/>
    </ExecuteAction>
    <ExecuteAction RunAt="Uninstall">
      <Condition>%varSLCsbusexe% = RUNNING</Condition>
      <Exe SuppressWindow="true" DisplayText="Terminating sbus.exe">%WinSysDir%\taskkill.exe</Exe>
      <Parameters>/F /IM sbus.exe /T</Parameters>
      <Wait TimeOut="60000">%ErrorLevel% = 0</Wait>
    </ExecuteAction>
  </Component>
</SapSetup>
